Older steps are no longer kept	更早的历史记录已释放
This is the state in the file	这是文件最后保存时的状态
New adjustment layer	新建调整图层
Layer effects: stroke, drop shadow, color overlay, inner shadow, outer glow, inner glow	图层样式：描边、投影、颜色叠加、内阴影、外发光、内发光
New layer (Ctrl+Shift+N)	新建图层（Ctrl+Shift+N）
Group selected layers (Ctrl+G)	将所选图层编组（Ctrl+G）
Add layer mask (Alt: hide all)	添加图层蒙版（按住 Alt：隐藏全部）
Delete layer, mask or effect	删除图层、蒙版或效果
Show or hide (drag down the column to swipe, Alt-click to show only this layer)	显示或隐藏（沿此列拖动可连续切换；Alt 单击仅显示此图层）
Layer mask: click to paint on it, Shift-click to disable, Ctrl-click to load as selection	图层蒙版：单击编辑；Shift 单击停用；Ctrl 单击载入为选区
Click to select, double-click to edit, Alt-drag onto another layer to copy the {0}	单击选择，双击编辑；按住 Alt 拖到其他图层，复制{0:t}
Drag to change the value (Alt: finer)	拖动调整数值（按住 Alt 可精细调整）
The line is the direction; the dot marks the end the number counts towards	直线表示方向；圆点标记角度所指的一端
The hand points at the light; the shadow falls the other way	指针朝向光源；阴影投向相反方向
Drag to turn it · Shift snaps to 15° · Arrow keys or scroll wheel turn by 1°	拖动旋转 · Shift 按 15° 对齐 · 方向键或滚轮每次调整 1°
Step by {0}	每次调整 {0}
{0}  {1} × {2}	{0:t}  {1} × {2}
{0} color	{0:t}颜色
{0} Color	{0:t}颜色
{0} × {1} px	{0} × {1} 像素
{0} ppi	{0} 像素/英寸
Saved {0} without {1}	已保存“{0}”，未包含{1:t}
Saved {0}	已保存“{0}”
Collapse {0}	折叠{0:t}
Expand {0}	展开{0:t}
{0}: {1}	{0}：{1:t}
Edit {0}	编辑{0:t}
Hide {0}	隐藏{0:t}
Show {0}	显示{0:t}
Add {0}	添加{0:t}
Remove {0}	移除{0:t}
Copy {0}	复制{0:t}
New {0} Layer	新建{0:t}图层
{0}{1} · click and hold for {2}	{0:t}{1} · 长按可切换至{2:t}
This adjustment has no settings.	此调整无需设置参数。
Click to add a point, drag to move it, drag it off the graph to remove it.	单击添加控制点，拖动调整位置；拖出曲线图即可删除。
Color the result while keeping its tones, for a sepia or a cyanotype	保留明暗层次并添加色调，可制作棕褐色或蓝晒效果
Put each pixel's brightness back afterwards, so only the color moves	保持每个像素的明度，仅调整颜色
Choose the vignette color	选择晕影颜色
Blends the color into the edges while keeping the center. On an empty layer it paints across the whole canvas.	将颜色融入边缘，保留中央区域；用于空白图层时，效果覆盖整个画布。
Positive straightens lines that bow outward (barrel); negative, lines that bow inward (pincushion).	正值校正向外弯曲的桶形畸变；负值校正向内弯曲的枕形畸变。
Repaints the layer in brush strokes that follow the picture's edges, the largest brush first and each smaller one only where the picture still differs. A brush size of 0 fits the brush to the picture. Gaps between strokes stay transparent.	沿图像轮廓重新绘制画笔笔触，先绘制大笔触，再用较小笔触补充细节。画笔大小设为 0 时自动适应图像；笔触间的空隙保持透明。
Choose the {0} color	选择{0:t}颜色
The characters to draw with, in any order: each spot gets the one whose ink best matches its tone	用于绘制的字符，可任意排列；每个位置会选用最贴近其明暗的字符
Draw each chunky pixel as a solid square, or as a round dot like a dot-matrix screen	将放大的像素绘制为实心方块，或点阵屏幕般的圆点
Draw the marks for the light tones on the dark color, like a glowing screen	在深色背景上绘制亮部，呈现发光屏幕的效果
Turns the layer into dithered pixels. Diffusion and Bayer styles quantize to a number of tones; halftone shapes, Mac patterns and ASCII draw marks that cover as much of each cell as the tone calls for. Pixel Size makes chunky pixels. Density adds or removes ink before dithering.	将图层转换为仿色图像。扩散与 Bayer 样式将明暗分成若干色调级别；半调图案、Mac 图案与 ASCII 字符按明暗填充网格。像素大小决定像素块尺寸；密度调整仿色前的着墨量。
Removes the plain backdrop connected to the layer's edges by making it transparent. Raise the tolerance to take more.	移除与图层边缘相连的纯色背景，使其透明。提高容差可扩大移除范围。
A model run on this machine finds the subject and hides everything else behind a layer mask, so a wrong edge can be painted back.	使用本机模型识别主体，并通过图层蒙版隐藏背景；识别不准确的边缘可在蒙版中修正。
A model for any subject or for a person, or the plain backdrop touching the layer's edges	使用任意主体模型、人物模型，或检测与图层边缘相连的纯色背景
A mask is edited by erasing, so only the plain backdrop applies	蒙版通过擦除进行编辑，因此仅支持纯色背景检测
Click a pixel that should be neutral to set the white balance from it	单击应呈中性色的像素，以此设置白平衡
Switch this group off or on without clearing its sliders	启用或停用此组调整，保留当前参数
Brightens or darkens the whole picture, in stops of light	按曝光档数调整整幅图像的亮度
Makes light and dark tones more or less different, mostly around the middle	调整亮部与暗部的差异，主要影响中间调
Sets the brightest point	设置图像的最亮点
Sets the darkest point	设置图像的最暗点
Shifts the picture from blue to yellow	在蓝色与黄色之间调整色温
Shifts the picture from green to magenta	在绿色与洋红之间调整色调
Auto balances the average color; Custom follows Temperature and Tint. Click the thumbnail to set them from one pixel.	“自动”平衡平均色彩；“自定”使用色温与色调设置。单击缩略图可从像素取样设置。
Strengthens quiet colors more than strong ones, and protects skin tones	优先增强较柔和的颜色，并保护肤色
Around the color wheel	沿色轮调整色相
How strongly the tint takes; 0 leaves this wheel off	调整着色强度；设为 0 时不应用此色轮
How much the three tonal wheels overlap	调整阴影、中间调与高光色轮的重叠范围
Negative favors the shadows, positive the highlights	负值偏向阴影，正值偏向高光
Adds or softens small detail	增强或柔化细小纹理
Adds or softens contrast along broader shapes	增强或柔化较大轮廓的对比度
Clears haze when raised, adds it when lowered	提高数值去除薄雾；降低数值增加薄雾
Spreads a glow from the bright areas	使亮部向周围扩散发光
How bright an area must be to glow; idle until Glow is raised	设置开始发光的亮度范围；提高发光强度后生效
How far the glow reaches; idle until Glow is raised	设置发光的扩散范围；提高发光强度后生效
Cool to warm; Halation stays red	在冷调与暖调之间调整；光晕保持红色
Darkens or lightens the edges; the center does not change	压暗或提亮边缘，中央区域保持不变
Protects bright edges while the vignette darkens (Highlight Priority)	在压暗晕影时保护边缘高光（高光优先）
How much the curve also changes saturation	调整曲线对饱和度的影响程度
Keeps sharpening to the edges	将锐化限制在边缘区域
Profile strength; a rendered layer carries no lens data, so this scales a generic correction	配置文件校正强度；已渲染的图层没有镜头信息，因此使用通用校正
Positive straightens lines that bow outward, negative lines that bow inward	正值校正向外弯曲的线条；负值校正向内弯曲的线条
Brightens the corners to counter lens falloff	提亮四角，补偿镜头造成的边缘失光
Version {0}	版本 {0}
Green to magenta in the shadows	在阴影的绿色与洋红之间调整
Saves the grade as a .cube lookup table for other editors. Effects, Detail and Optics change pixels by their neighbours or their place and are left out.	将调色结果保存为 .cube 查找表，供其他编辑器使用。“效果”“细节”和“光学”依赖相邻像素或位置，因此不包含在查找表中。
Click the image to select that color	单击图像，选择该颜色
Click the image to add that color to the selection (or Shift-click with any eyedropper)	单击图像，将该颜色添加到选区（也可使用任意吸管按住 Shift 单击）
Click the image to take that color out of the selection (or Alt-click with any eyedropper)	单击图像，从选区中减去该颜色（也可使用任意吸管按住 Alt 单击）
How far a color may be from the picked ones and still be selected	设置颜色与取样颜色的最大差异
Select everything except those colors, such as all but a green screen	选择这些颜色以外的区域，例如排除绿幕背景
Shift-click adds a color, Alt-click takes one away. {0} pixels selected.	Shift 单击添加颜色，Alt 单击减去颜色。已选择 {0} 个像素。
Click the image to pick the color to select.	单击图像，取样要选择的颜色。
Save changes to "{0}" before closing?	关闭前保存对“{0}”的更改吗？
Current size: {0} × {1} px	当前大小：{0} × {1} 像素
Every pixel becomes a hard-edged block, which keeps pixel art crisp.	每个像素按硬边缘放大，适合保留像素画的清晰轮廓。
The picture is resampled as Automatic does.	图像将按“自动”方式重新采样。
Enhance only applies when enlarging; at this size the picture is resampled as Automatic does.	增强细节仅在放大时生效；当前尺寸将按“自动”方式重新采样。
A model run on this machine enlarges each photo layer four times, inventing fine detail that was not there, then fits it to the new size. It takes about a second per 65,000 pixels of each layer; text and shapes are redrawn instead, and masks are resampled.	使用本机模型将每个照片图层放大四倍，生成新的细节，再调整到目标大小。每个图层每处理约 65,000 个像素耗时约一秒；文字与形状重新绘制，蒙版重新采样。
Smooth when shrinking, sharp cubic when enlarging.	缩小时使用平滑采样，放大时使用较锐利的双三次采样。
How the pixels are resampled: Automatic for most pictures, Nearest Neighbor for pixel art, Enhance to invent detail with a model while enlarging	重新采样方式：大多数图像使用“自动”；像素画使用“邻近”；放大照片时可使用“增强细节”生成新细节
A subdivision every {0} pixels.	每 {0} 像素划分一个子网格。
Use gridlines every {0}-{1} pixels and {2}-{3} subdivisions, no more than the pixels between gridlines.	网格线间隔可设为 {0}–{1} 像素；子网格数可设为 {2}–{3}，且不得超过网格线间的像素数。
Choose a custom grid color	选择自定网格颜色
…and {0} more.	…另有 {0} 项。
Composa will convert these {0} features. Nothing is applied until you continue.	Composa 将转换以下 {0} 功能。选择“导入”后才会应用这些转换。
Open {0}?	打开“{0}”？
Baked into the look, bottom to top:	将包含以下调整（从下到上）：
Left out, because a look can only change colors:	以下调整无法包含，色彩预设仅能改变颜色：
{0} points	{0} 个采样点
{0} × {1} pixels, developed at 16 bits per channel	{0} × {1} 像素，以每通道 16 位精度显影
Cooler to warmer, and green to magenta, away from the camera's own white balance.	以相机白平衡为基础，调整冷暖色温及绿色至洋红色调。
Develop {0}	显影“{0}”
{0} is assigned to both {1} and {2}.	{0} 同时分配给了“{1:t}”与“{2:t}”。
Click a shortcut, then press its new key combination; Escape stops recording and Backspace clears it. Brush size and hardness ([ ] and { }), the opacity digits, Space to pan and the modifier-and-mouse gestures are fixed.	单击快捷键后按下新的组合键；Esc 停止录入，Backspace 清除。画笔大小与硬度（[ ] 与 { }）、不透明度数字键、空格平移，以及修饰键与鼠标组合操作为固定快捷键。
Undo {0}	撤销 {0:t}
Redo {0}	重做 {0:t}
There is nothing to copy here.	当前没有可复制的内容。
Copied {0} layers	已复制 {0} 个图层
Copied {0} × {1} px	已复制 {0} × {1} 像素
The clipboard has no image.	剪贴板中没有图像。
No subject found: the picture has no plain backdrop to tell it apart from.	未找到主体：图像没有可用于区分主体的纯色背景。
No subject found in the picture.	图像中未找到主体。
Select a pixel layer or a mask first.	请先选择像素图层或蒙版。
No subject found in this layer.	此图层中未找到主体。
Select a layer with pixels to add an effect to.	请选择像素图层，再添加图层样式。
Nothing to trim: no edge is empty in that sense.	没有可裁切的边缘：所选条件下，边缘均有内容。
Nothing to trim: no edge is transparent.	没有可裁切的透明边缘。
, about {0} s left	，预计还需 {0} 秒
Enhancing… tile {0} of {1}{2}	正在增强图像…区块 {0}/{1}{2:t}
The layer changed while the model ran, so nothing was changed.	模型运行期间图层已发生变化，因此未应用此次结果。
There is no adjustment layer to bake into a look.	没有可导出为色彩预设的调整图层。
None of the adjustment layers can be baked into a look: {0}	所有调整图层均无法导出为色彩预设：{0:t}
Couldn't open {0}	无法打开“{0}”
Couldn't recover {0}	无法恢复“{0}”
Couldn't open the folder {0}	无法打开文件夹“{0}”
Couldn't start {0}	无法启动“{0}”
Another Composa window already allows AI control; agents reach that one.	另一个 Composa 窗口已启用 AI 控制；AI 将连接到该窗口。
{0} AIs connected	已连接 {0} 个 AI
New canvas (Ctrl+N)	新建画布（Ctrl+N）
Zoom out (Ctrl+-)	缩小（Ctrl+-）
Zoom in (Ctrl++)	放大（Ctrl++）
Move / Transform (V)	移动 / 变换（V）
Marquee (M)	选框（M）
Lasso (L)	套索（L）
Magic (W)	魔棒 / 对象选择（W）
Crop (C)	裁剪（C）
Brush (B) · Eraser (E)	画笔（B）· 橡皮擦（E）
Spot Healing Brush (J)	污点修复画笔（J）
Clone Stamp (S) · Alt-click sets the source	仿制图章（S）· Alt 单击设置取样源
Smear (R)	修饰工具（R）
Gradient (G)	渐变（G）
Shape (U)	形状（U）
Type (T) · click for point text, drag a paragraph box, click text to edit it	文字（T）· 单击输入点文字，拖动创建段落文本框，单击已有文字进行编辑
Eyedropper (I)	吸管（I）
Hand (H) · hold Space with any tool	抓手（H）· 使用任意工具时按住空格可临时切换
Zoom (Z)	缩放（Z）
Swap colors (X) · D resets to black and white	交换颜色（X）· D 重置为黑白
Create a canvas, open a project or image, or drop files here.	新建画布、打开工程或图像，也可将文件拖放到这里。
Saving {0}	正在保存“{0}”
Ctrl-drag moves the layer	按住 Ctrl 拖动可移动图层
Drag to move	拖动移动
Handles resize (Shift free, Alt from center)	拖动控点调整大小（Shift 自由缩放，Alt 从中心缩放）
Outside a corner rotates	在角点外侧拖动旋转
Ctrl-drag a corner distorts	Ctrl 拖动角点进行扭曲
Ctrl-click picks a layer	Ctrl 单击选择图层
1–0 opacity	1–0 调整不透明度
Drag to select	拖动创建选区
Shift add	Shift 添加到选区
Alt subtract	Alt 从选区中减去
Shift+Alt intersect	Shift+Alt 与选区交叉
Drag inside to move	在选区内拖动移动
Delete clears	Delete 清除
Ctrl+D deselect	Ctrl+D 取消选择
Click corners	单击添加角点
Click the start, double-click or Enter to close	单击起点、双击或按 Enter 闭合
Backspace removes a corner	Backspace 删除角点
Escape cancels	Esc 取消
Click an object to select its outline	单击对象选择其轮廓
Drag a box around a small one	拖出选框框选较小的对象
Tab for Wand	Tab 切换魔棒
Tab for Object	Tab 切换对象选择
Click to select similar colors	单击选择相近颜色
Drag to crop	拖动设置裁剪区域
Shift keeps proportions	Shift 保持比例
Alt symmetric	Alt 对称调整
Enter applies	Enter 应用
Drag to erase	拖动擦除
Drag to paint	拖动绘画
Alt-click picks a color	Alt 单击取色
Shift-click draws a line	Shift 单击绘制直线
[ ] size	[ ] 调整大小
{ } hardness	{ } 调整硬度
Drag over blemishes to heal	在瑕疵上拖动修复
Alt-click sets the source	Alt 单击设置取样源
Drag to clone	拖动仿制
1–0 strength	1–0 调整强度
Drag to {0}	拖动{0:t}
push pixels	推移像素
Drag to draw from foreground to {0}	拖动绘制从前景色到{0:t}的渐变
transparent	透明
background	背景色
Drag an end to adjust	拖动端点调整
Shift snaps to 45°	Shift 按 45° 对齐
Drag to draw a line on a new layer	拖动在新图层绘制直线
Tab for the next shape	Tab 切换下一个形状
Drag to draw a shape on a new layer	拖动在新图层绘制形状
Shift square	Shift 保持正方形比例
Alt from center	Alt 从中心绘制
Drag the box's handles to resize it	拖动文本框控点调整大小
Alt+arrows tracking and leading	Alt+方向键调整字距和行距
Ctrl+Enter finishes	Ctrl+Enter 完成
Click for point text	单击输入点文字
Drag a box for paragraph text	拖动创建段落文本框
Click text to edit it	单击文字进行编辑
Click to pick the foreground color	单击取样前景色
Alt-click for the background	Alt 单击取样背景色
Drag to pan	拖动平移
Ctrl+wheel zooms	Ctrl+滚轮缩放
Click to zoom in	单击放大
Alt-click to zoom out	Alt 单击缩小
Drag right or left to zoom smoothly	左右拖动连续缩放
Positive values tighten the detected outline inward; negative values loosen it outward	正值向内收紧识别轮廓；负值向外扩展轮廓
How the subject is found: a model for any subject or for a person, run on this machine, or the plain backdrop that touches the picture's edges. The same choice drives Select > Subject and Remove Background.	主体检测方式：使用本机的任意主体或人物模型，或识别与图像边缘相连的纯色背景。此设置同时用于“选择 > 主体”和“移除背景”。
Draws in the foreground color · Shift snaps to 45°	使用前景色绘制 · Shift 按 45° 对齐
Fills with the foreground color	使用前景色填充
The shape the crop box keeps while you drag it	拖动时裁剪框保持的比例
Drag on the canvas to choose the area to keep	在画布上拖动，选择要保留的区域
Trim transparent edges	裁切透明边缘
Samples the merged image	对合并后的图像取样
Align left	左对齐
Align center	居中对齐
Align right	右对齐
Tracking: extra space after every character, in pixels	字距：每个字符后的额外间距，单位为像素
Leading: line height baseline to baseline, in pixels. 0 is Auto: 120% of the size	行距：相邻基线之间的距离，单位为像素。0 为自动，使用字号的 120%
Click a layer's pixels to select it. Off, a drag moves the current layer from anywhere; Ctrl-click still picks.	单击图层像素即可选择图层。关闭后可在任意位置拖动当前图层；Ctrl 单击仍可选择图层。
Could not reach the release page to check for a newer version. Please try again later.	无法连接发布页面检查更新，请稍后重试。
Composa {0} is the latest version.	Composa {0} 已是最新版本。
The download failed.	下载失败。
Quit Composa, asking about unsaved work as Quit does, and start the setup, which upgrades it in place	退出 Composa 并确认未保存的文档，然后启动安装程序进行更新
Open the package in your software installer	使用系统的软件安装程序打开安装包
Copy the command, for a software centre that will not install a downloaded package	复制安装命令，用于无法安装下载包的软件中心
Composa {0} is available. You are running {1}.	Composa {0} 已发布。当前版本为 {1}。
Download it into your Downloads folder, checked against the release's checksums	下载到“下载”文件夹，并验证发布文件的校验值
Downloading Composa {0}… {1} of {2} MB	正在下载 Composa {0}… {1}/{2} MB
Downloading Composa {0}… {1} MB	正在下载 Composa {0}… {1} MB
Composa {0} is ready in {1}: {2}	Composa {0} 已下载至“{1}”：{2}
The bundled ImageMagick could not be loaded: {0}	无法加载内置 ImageMagick：{0:t}
{0} could not be decoded. {1}	无法解码“{0}”。{1:t}
{0} could not be read. {1}	无法读取“{0}”。{1:t}
Select a pixel layer or a mask to draw a gradient on.	请选择像素图层或蒙版，再绘制渐变。
Select a layer with pixels to move.	请选择包含像素的图层进行移动。
The last action may not have completed. Your document is still open; saving a copy now (File > Save As) is a good idea.	上一步操作可能未完成。文档仍保持打开，建议现在通过“文件 > 另存为”保存副本。
Composa did not close normally last time. These documents had unsaved changes:	Composa 上次未正常关闭。以下文档包含未保存的更改：
Recover them? Choosing Cancel discards the autosaved copies.	要恢复这些文档吗？选择“取消”将丢弃自动保存的副本。
The autosaved copy was kept at {0}	自动保存的副本保留在：{0}
Composa {0}\n\nA layer-based image editor for compositing and retouching, built with .NET, Avalonia and Skia. It is a from-scratch implementation of the open-source macOS app Compositor by Robbie Tilton (MIT license).	Composa {0}\n\n一款用于图像合成与修饰的图层式编辑器，基于 .NET、Avalonia 和 Skia 构建。\n本软件独立重写自 Robbie Tilton 的开源 macOS 应用 Compositor，采用 MIT 许可证。\n\n简体中文界面：采用 Photoshop 常用术语。
